,seller_id,LTV
0,00065220becb8785e2cf78355eb9bf68,
1,01266d4c46afa519678d16a8b683d325,444.90332229249725
2,013d100f608a64ec8275c038aedeb064,
3,01fd077212124329bac32490e8ef80d9,4207.682802834939
4,0255dc67cb6bad298606136951ab1877,
5,026c6180cd86d6069dad573ce69b465e,
6,02df983480ff75ead8a031a3c7a849ad,
7,02f623a8eb246f3c5f7c2f96462654e6,22147.074421651174
8,03a2a6dcbe45d639c4dc2a0d24769c40,3447.7018646085517
9,044668ccd5316b12a7cf0d54a156e3e9,390.38383257532826
10,04843805947f0fc584fc1969b6e50fe7,2265.222259693109
11,049197f741ca0cde891420fc72fba3e5,
12,04ed0495537199603d4930fc5c0dd026,
13,0502e5d79bd91b34b68cef9b3b45230c,
14,05a48cc8859962767935ab9087417fbb,196.12017841371335
15,05e107217c7266362fd44b75b2cd4cc4,554.8285288191598
16,0691fc6052b1918d775ac6ff8275eb01,
17,07a9a154056e210f17bbacd5e30c024c,
18,07de60b03d150fb3ea09eab5da5e4c8b,2392.7407744473203
19,08083b94b3c7e0847502a026125dbfbd,
20,08220245c361752c4f7bdc9a39821dbe,
21,0873d9f8f36123f8d910f4760e788cfb,21979.29399723889
22,08d1c9478fb0d7d7fcac9c0da4e82fc7,1888.4812257609567
23,09175f552e7526624e8100bdc8d0c92d,
24,094ced053e257ae8cae57205592d6712,5728.252624382141
25,0975b0dd18febd1008391fa53dff0891,
26,09bad886111255c5b5030314fc7f1a4a,1745.2588318445034
27,09c34a8e333be37851747c27525a4e53,
28,0a85ebe4e328db81ac9109781205e2f7,2341.0283826369478
29,0ab97fdbae52ec0e877efdf9b310528e,
30,0b0c50f6ddac7e6e7ed9d513ec122c74,
31,0b1ca3ef18a63d7eb0c8897fa0849c08,170.417971645767
32,0b28859cd04d23edefee9c591fb03cd8,
33,0b7589387392dd2e2458f86606aa2a99,
34,0b9164d3b23215d4dfee8a045a3a1b3d,
35,0c1d290fe8e252b31ebc2ead30634efc,
36,0ca9bd8db4679bc89692acdfcd96b6c4,
37,0cab2da43793a6f3c5ed8514c5f54627,1102.9493744767428
38,0d7d5bca59d45d750fb7913b974e9d08,
39,0db0dce302e414422ed38aabd133ae04,
40,0dccb6973ef48a00fbcccfe907181ab0,
41,0ddefe3c7a032b91f4e25b9c3a08fca1,1371.5409922927865
42,0e72c1a751b496722a6cb1f10653b62a,555.5872383621645
43,0f5f7caa3e6a2b466fabe6bfaf25b06b,
44,0fca1de8751a104ca87890f19f363d4d,
45,0fe3372ef9bebf177e6cb95fa0340fb6,
46,0ffe89723de9b21041556d02e9b21a8b,
47,106ebccfb024488d2dd7aac29c9a20a3,
48,108ca0788dee2b34051cd325dd9eafed,
49,116e5ef667d05e59c8b95acd02670ff3,
50,11742f81550ac064cc9a40f67151d9ad,2752.998763228784
51,117cfc326c6d50da67ca858ff5c0c852,1593.572607168695
52,1185ae3e5ac0463c854dad54fc8fc9e1,
53,11a559e252a8d167a8ccea7abcf357f3,
54,11fb6f6d341adbe19e81733701704635,5437.586730061645
55,120476eb7a04c149d14772edaf5d9bf2,5828.036865229802
56,12e6ecc830aa50dcace131431d90f426,
57,131fcb0a0c9a47bba4474aacff0f14b7,1251.4845081895494
58,134285d1f41da5c13a756ee8142c8a4e,3712.602957460934
59,134c69b4dff67e40a022dd8bf81e002e,
60,13511db12ac61e2f89c53b72a944a60b,2991.778612360235
61,138dbe45fc62f1e244378131a6801526,4766.272132894102
62,13a6bea45beacabbd2d7551940020653,
63,1444c08e64d55fb3c25f0f09c07ffcf2,7733.320068192333
64,14c9e2cbff9aaf67afd967798a651733,
65,157497483bb7876340ea4441c9bd1774,
66,160851d3ece7aa1a510f8d1a4bb8a8af,512.196606411582
67,164471825a8de8c31eb8cb9375b27243,
68,165b1235e9e9942cb5fae67103576fb0,5366.529077591512
69,167bde8a09cb3196874f3f7e2753a98d,
70,17595577347283c0140226df762e2e6b,
71,1832c08bba48a37868d4093259e8c288,
72,184725737946a1a938bbbd1a9e978103,1244.2971158955638
73,186cdd1b2df32caa72cfb410bba768d3,4576.269674433893
74,189ca3538ce9f920cacf0f982cbe223b,1207.7385437672824
75,18d5b01a5ca858cf540df954e063978d,
76,18e694e0e48ed6f7aa3f24aade5fd697,3253.629013376599
77,1961c3e1272bfeceb05d0b78b5bbfdaf,2377.987795531206
78,196964603e568f36848694f9274a2acd,
79,1997c740529040d6a2244d2e818acb50,
80,19d2a3535e887b30be7081676fb1a499,
81,19d62d484cba71963c93f0f00ab42013,471.77542014035686
82,19d7a4faa5de92caef9ad5128e6b1467,
83,1a47a5831effd926ad6bee7ab8beb86c,
84,1a8e2d9c38b84a9702ac7922924b0573,260.30665491679986
85,1a932caad4f9d804097d7f8e615baed1,10639.981124574297
86,1ab0c07336fcfada1d031cf1c9718ca7,
87,1b4b28463457a256e9a784ebe2a8f630,2216.7673015408586
88,1b69e7630792e60471efca457d5b57af,
89,1bba9c94eb5c4e82fba9f7286fe81025,
90,1c16af6213cf83914774c6490065da81,
91,1c742ac33582852aaf3bcfbf5893abcf,312.46361043785464
92,1cbd32d00d01bb8087a5eb088612fd9c,3718.2872885398983
93,1cbdc7cf130a41fd13a3c2a7d2fcfda7,656.7211241397439
94,1cd757f0f38c0847a2f05717d18b8d92,
95,1d953075c2f0dd990bacf27b83b330f1,269.0456632783215
96,1e26c56af8d48424e1df0140a2401f83,827.0024039958357
97,1f080fb8ad65b21e195b903bd366ae68,
98,1f74801bb8b05750ce5e7597b685bd13,
99,1f7dfad2cb384ea4d2d7e1ffbd78c407,176.41678963160177
100,1fe5540d7c1c37a595fefbacd5570d9e,14916.407125533971
101,2039c5e51785b5dde7cf93ccb3b7be2c,590.1165915720512
102,213fafb0ca06fb3d5886579c2565791b,700.4499837976083
103,2157c762d011d8bdf2097f45d80df0ef,
104,21e1781e36faf92725dde4730a88ca0f,
105,21f3118106d69d16dfe7d5aaf37cb242,
106,224167f6e956da2f71c0e8dbdaa8bbf0,
107,231e2c768bf979ec59ff743f16a442ce,
108,246eefbebdc0c11402ec404e1589de43,
109,249f0e9905a6e06ad6c6bea7547ab9f6,1236.9077533793395
110,252b493131fc46ee4a19fbfcbd565676,
111,25ca84afdd32ede184dba55631c55274,
112,2646baaf662d4d92ac48f047e35db92d,3800.6893968989943
113,26677ff8d8321b864317019c728ac010,
114,267116eae2e631a965ef86be260f9278,
115,269c5fc9fcadee614364c3620c30a1f9,438.3425296184523
116,26e2c91ef821e1ff8985f408788fe35b,4524.702841313459
117,271b8923c6a549e02d3c9fd1f8c0422b,393.44485886977196
118,271c58a1d139c45eaf3316107c6d3a3b,13891.915282521151
119,27bcbf1bcae4a9c14c54627933160f37,
120,2866098c2a38fb723ee05f5b65635df0,
121,28760737b4b82d4479ddff8db5e9f71f,
122,28872dc528e978a639754bc8c2ce5a4c,3307.8534493472057
123,28c7d8743fbc8679f484868cc0fcaefb,795.8793820912151
124,28d365edb9c888771df5915b575f8f34,
125,28f10b1c5e5abb9d4857745bede6147c,3592.5259751834624
126,28fadc495e06e64b5d15d54959f2cee1,
127,294e164108bc80d8fbf5ee39c448461c,
128,297be0a3c196d803e4e4f013432be4e1,
129,299c89a525fee36c567f4fe72f038100,2148.5023298053657
130,2a17b229ca84523393b003b7e0bfae63,
131,2a1a7b9bb186aba4e126ec76f9607237,
132,2aa8585964d74f71e334a6c3de2ddc27,
133,2aafae69bf4c41fbd94053d9413e87ee,381.09839879293077
134,2aeedd049dc20e7171f43110fd0d6821,
135,2aef4c8187ab057d6f1b7e0e636aa481,
136,2ba91c7ad80ff88b23b7db823b43c233,2241.106376922803
137,2bee35533016f9992645dd6df0eca7e4,
138,2c2c9832d1bb38c5b0034a3b47d313ee,208.2108425992363
139,2c43fb513632d29b3b58df74816f1b06,2632.091862148404
140,2cadea330183af560c84a87409e5c0e0,
141,2cb6eb1b7185064167657fa09f541105,3148.052874381254
142,2cb98e27ce1c18abdb42209b34c382a7,339.3939015212172
143,2d2322d842118867781fc737e96d59a1,733.2819646612629
144,2d2f1c1a4f518137df3e4d8d5f57beae,
145,2d34636518ba88f5349b732fcf8ba2e4,472.0583838944484
146,2d42ebcda99fd55f6f4bc2f1ca035d50,3320.0031261438016
147,2e311c110b108aece4a48ab7165f28b3,
148,2e7ea2aafec5835e781b21d6d1faf1f1,2103.372383083592
149,2ec7ffe99ecc5afc2e48920c9d1fbff6,
150,2f1e89e231b096f4ff1f55dfe8607a7b,
151,2f7c0e24a8a8fa5c807b59f66c2e9637,
152,2fa13c8bd5705d279f7ed5cc9ec61c68,198.17359175416277
153,2fc89ae84d3c48eda4b268408f6ad6d7,
154,3084dcdea01fe4f2d556540e6b2e873d,
155,309405cfad0d11cd1ec6bb5d02c70c6b,
156,30a81d8cf85fb2ada1b1b094c9583a95,3210.065293256341
157,31be790e64fc99f8ff48ec2bd18a3104,1096.8152918760024
158,3289d8c3eef4873f91ce0b1343c0dd58,682.9461850972596
159,3387acafd8bea46d73fc50cc9f7e2a9a,
160,33cbbec1e7e1044aaf11d152172c776f,3032.7155817589114
161,33d677f27a69b84051204ee4ae76eaca,803.4713792318214
162,33dd941c27854f7625b968cc6195a552,21277.87885784963
163,3492e68f37fd1df87f4f2f2ea247f445,2356.4396922433425
164,34f563c82a85b99ae9e6d60db5fc2e28,7740.38851988009
165,34fe2ce0770697c1b8b35c13a8e2f7d4,
166,351cc0833086e30c04f3b0a15dbc3e93,
167,3525be8392a4fa3274c459bcfee41eef,
168,36637850ddda5031f5bcf5499dd955a3,
169,366b6b05f39997f102dc5179de14d43c,
170,36f98ad67cc981f50ce8aed093d5783c,511.2566937190352
171,376643e536ea9ab265065925112a876a,
172,377bc18334c78dd2f1535ef22a3ad225,644.1745433253859
173,3786da2e9afd5d55617521bd1685dec0,
174,382229d1e840115ffe3dbf5ff460e417,13814.03824409343
175,3844ab927429de8fcb426e4886024ee9,
176,3903c788ded8dc03b5ebab37a2f3e9a1,518.0694711857855
177,3917f19baf48b61b7c9a106ea10ad953,
178,398cb257329ef7af7f1943a8974a3cbc,462.1336610158479
179,39cd336c2436c88d88096f7ef9305026,
180,3ab971ce71839580d2ae5b4e40fe8044,17428.488673485248
181,3b2386b23bc4807a467c2ea5770cdd80,
182,3b945b144f631e998d7e484cc48b3783,
183,3c6b1149911003e599410f60c7735bc6,
184,3cbdc3237aa8afe44324bda4a1ccf676,
185,3d2531eccfbde1d7c8db7a3a12fb267a,6366.61198160913
186,3d3ccf2b2f8134b10dce9dd446f0e075,2333.3804356758988
187,3d5d0dc7073a299e31fa718ce1bc00b6,3582.9563649379447
188,3e35a8bb43569389d3cebef0ce820f69,112.91653716144518
189,3ea08c48e851106d2f584349daba335f,593.7230216204304
190,3f9be91358837bff69df67edfa3e42e8,1995.6058129340145
191,3ffabd7292c755d5cebe5b2d6350b850,
192,40105cb0aec41563d24ccc7b90ae7083,
193,4018093c0809ddcb1f633ed5cc3f5eb2,
194,4125d9385a25e82d2f72d3a0fd55bc3f,184.25827926642575
195,414cc02d780baaa13439c37bd89641ef,
196,41b14765bd56c8ad10971074380f9c0c,1144.8347407898004
197,41b9c7bfadf5f42b93b7bfbae1b84494,
198,41da412d33e8da4f22baf55cb1bde82c,2233.436474997959
199,429e2324ee8c0a95b565f78b465e8a07,
200,42fa4ee7240e9b8eb4576358ec142ba7,11830.575273861188
201,42fac6337d0f14ecdc18a82bfe6dd076,
202,43037711a5c131786d1633e96185d278,
203,43402bdf22aa2310e8f99e2f94f78628,2013.4601423974143
204,43ac443db8d4fbfb1454aa1364404264,
205,44717f64ec2a457979cf83c429077666,342.5796246555314
206,447d377bdb757058acb569025ee18a93,224.01522175279698
207,44ed138eca6214d572ce1d813fb0049b,379.8824329601965
208,455befea1bb853c75ccbca94cff26e5c,129.6102098745725
209,45a9bd664803609f452cce925e21d24d,
210,45dfe11016c782d99a19f93dd34c300d,
211,45f04cd6eccb0a2ab2ed62d4939ca2d2,
212,465b4d6f3d04fac8957c6017541df171,
213,4675c38ffdf3a0c9e9665f629c5c713b,
214,46bec94e1e0fc413b6adb1d1bd175477,
215,47ff0b75e3609b6b80fbd1450384a623,
216,4867209cb29b56b92893d7bde3ce8012,458.48434157157783
217,48e954b2da4f6a750c844173b347ed40,516.1440711151188
218,48fa294ea8e32148c8dba7a692b72bfc,
219,49388b546c8a96b96e9f15b5980b1cd7,
220,493a261e134421b6d9d997900fa56a5f,
221,49f6ca9231352dedda1ad1176ce70531,
222,4a1917ef994878940e1fb03eeb787ad7,1708.0703400414409
223,4a1f694197d05fe70026b016a7316b41,2122.3911463375093
224,4a23adac87cf538689fa600d976f78b2,1601.4353561147086
225,4a4da369ad50f14d48337aa52eb826f5,
226,4a82168aaef173cbb6e46ae88728f919,1926.8110646805437
227,4a82eab98441aeb64566e2776c1fb2b6,
228,4ac30efebddcd090914475c8201899b4,
229,4bfc7a4a1cf8d4d2121c27422d9e50b5,17153.21639230549
230,4c18691b6037662be2df78a765d98ab5,10890.966405065812
231,4c1c7281388a33dd06daac44f9fadbd1,775.7383837067241
232,4d0041cdbe51b4617d95c70b19decc74,16849.769446026374
233,4d54524ebf3e26769edc397a2eb26462,
234,4dd7866cf496e0c2fcfc93a4589dc1be,
235,4de7a9f2b6acffd74c9f148f8902b854,
236,4e0bb097aa0fb4e2f9a146b77698427a,
237,4e480be820e37de1444325ff358c9296,948.3748534690992
238,4eeb99008a0f59d2c7759c59f9a346eb,3978.3234372852194
239,4f0d637c1197fd65405ebd755ac9f86b,672.4746723423998
240,4f6bf26bd1ecc9aa855e9cce6869b566,
241,4fae87d32467e18eb46e4a76a0a0b9ce,439.1410294666207
242,4fe2f67634d00c021aa01f96b6f2d68e,398.7638885604661
243,4ff8d644ff76721b86fdc7c75c48d4a6,
244,500b5e25308adf85bbc0bbc52c3dc05b,
245,503ad3c3811010c6ba4577f411724b13,
246,5084f696554075b9a98403b769f31cd5,
247,508808d438fe2ff972ed13bb8f4a82e2,1393.7456574712098
248,50ca38cf4312fde2e0d35f6169208b54,
249,516e7738bd8f735ac19a010ee5450d8d,23318.828019509136
250,5181ea7b0d346ed14c5c07f0ff22b2b4,
251,51fdd5d43db628fada4588f89aba3e8e,
252,528e4514f9339c1c3dd7535fd1a2d8cb,
253,528f22dfa20a3de9375b2b38e49cc617,
254,52a50b42accf164f9f019941e5759d9b,621.3748253266759
255,52c53edae0e04256ecf6c407608e7e09,
256,53088c75f948b48a7ece173ac17f0c12,1006.7924357572979
257,535bf14f36346c7f59d87cece104d70c,218.1623472740949
258,539ed9e19811677513447759be5eccfc,205.73237866856698
259,53be10ff134691e94a4089b41c75874f,
260,54212aa507a8696b0766046bd3aecdc3,
261,54583ab379489add547fe47b628db589,7903.746274917126
262,54c04bdb5ec46762f8f08c7e8f86ed4a,9609.61410702032
263,55031883943971ca22db6894574cfe2c,
264,5544a079319b0984ee5d3ea03ea57da2,
265,556a6409838156ea299c9d1f9e2dde43,4366.315713686116
266,55c26bcb609f480eb7868594245febb5,2348.1375630871566
267,5670f4db5b62c43d542e1b2d56b0cf7c,21336.887489505574
268,56e361f411e38dcef17cdc2a3d99628b,5034.525280195358
269,573becd44db78cee00182ec4a5594806,
270,57df9869a600bd6b7c405f2a862eccfb,524.4530325230293
271,588e81a6924bcffd4e366453885e72b1,
272,58f1a6197ed863543e0136bdedb3fce2,21898.43693628076
273,59055625da956ae84296c08491141984,
274,594f9aaa48e5bf431f011ddc5669b0d5,12130.019655357319
275,596849622429351f47b32e6cae1055ff,3872.4162282583884
276,596d3b6f78d5a703bfce24b801d2fbdb,
277,59bbc819b99a733f02f0d6b49d1c253d,446.17747430077634
278,59cea8e446d3834393058e7e0666b6fb,2863.7918415446375
279,59ddca14932ec5557c099a51c4d5a58e,
280,5a4236931428800e9d9cc04af0987118,101.34102125023807
281,5a4473aa20aec979dea3eee0822165aa,
282,5b0cc932433fa5184b5b94bfe6bcc256,4544.635494436686
283,5bc24d989e71e93c33e50a7782431b0e,10946.921125703433
284,5bf397d04035b5f45cc41e82ec106803,3415.639913242423
285,5c3460cd3e8a984382ae254e7dd20d9f,2312.4901457845153
286,5cb4a72356883c59790dc8309cddea2f,
287,5cc5fe3c6e303fb7656ee7b0ca21ed58,
288,5dc203c7b84a0e71e878a179de05fb9a,1577.7173676951334
289,5e063e85d44b0f5c3e6ec3131103a57e,86.87187153156228
290,5e105f5c9f63f5f1fd75d6cb942e55b1,4738.9468801081775
291,5e7730e8ae6bffdee755a8d31e6b77a4,
292,5e8fbfbb0b53e303caf57d7408627b73,
293,5e9f5bd34e0830569f05c9d4f56e04a8,814.7740148228542
294,5f4ffce0fafd72596bcb09d1467981c2,
295,5f57db27027655e6c6a391601daa0258,415.6141938487306
296,5f5a58930c3c35f3b5af264f34fb8c85,1778.3852643354048
297,5fff4dd813a9fe1ce972a80407e16457,
298,6025c79c035c3d772133b8b8238463b2,1752.1963243764606
299,603bb4eeb3f0927e59e253357a9ca06b,
300,6061155addc1e54b4cfb51c1c2a32ad8,43716.766572794935
301,611aa09794938387efe774f5abf64c03,
302,612170e34b97004b3ba37eae81836b4c,82485.13800957486
303,618b0524377e106190c0c91cacdb4b78,
304,61b18775be84fb700a6b2d0ba097bf66,988.5020810142186
305,623ad9d0c1e14bb5464a8c72bff7b4af,379.59687475094586
306,6267923376872bb45a1c804aed0f1e73,
307,6267b2cd3c8d9bfa2cc778c11d54e76c,
308,62b967c1884c0e9ca8b9dba64be0b136,
309,639541c9c4a8a5b34424cac6f81f6be7,
310,63972c86dd9a38da4f3d8b5ccec2ee60,
311,63c6951772f3f4fc4e40ffd24207fd19,
312,649d307ba392e2cc6cedc7888f51923d,
313,64c9a1db4e73e19aaafd3286dc448c96,1823.2647764633307
314,6514418ce691fad2663207c14a1fc1f4,
315,651530bf5c607240ccdd89a30c9c9712,781.5020094799912
316,6548c2550b6e2d8f18053216e1c7b6f3,534.6405664681274
317,657969cca82e884d272385ec0ef06edd,527.3069373179407
318,65b6aa01895e9ddce79b482da06dda9d,
319,65d5e688c5bba88c62953b3a97264d54,
320,65febd49fd28ec955651299159b1f527,13566.358997524076
321,667ee4b0aece58908fae3fd1649b7e6c,
322,671585f5a2af58b6e276bc01003c0d2b,5805.242953721943
323,674207551483fec113276b67b0d871ff,397.7706018525631
324,67edf85a314145ec81e546794dbc31cc,
325,68175a6b26cdbc4b3a51ed5353276e4d,
326,6836558ca75302628900564ce7c67cf9,
327,684ffe8bd167b50565e8546d7a99ec63,
328,68c701b433babf6e12018f1a674d3228,
329,693660429f9dc4ff704eb3d88dad54d7,485.4106281933806
330,694892adec9a8e54155c2a2e99b6bd0c,
331,698f5fa55a5f73d0740e9d9a773e8093,395.2512172575421
332,6a38087bc8ad4f89ff453561005f6dea,5190.447602352933
333,6a53b90c3ad9e0b56d9fe5c69165fff5,310.13303267072195
334,6a60bd6a4afd5fc86b75b47ec502df7b,
335,6a6b1614baaaf766293c17d8cb8c5a9d,
336,6a87cbc1ebb8046bb3a851059feb6df3,
337,6aa3928696eab49a19a466e665a649fd,5419.344359680031
338,6b3bd31ad8fcda4b2635ec9f3ff2ecdf,12019.485674017946
339,6b90f847357d8981edd79a1eb1bf0acb,12554.038933528938
340,6bd503a8230299c9316fb0f726933927,1181.478506007567
341,6c6d00f0561125a66cffac53cfe3f913,
342,6c99c983ce3b6ba0ab813e6790e81691,2304.1988289895485
343,6cbd0872de0e3e92a1b90f229aac6e61,
344,6cd5309bfee39493f71de0350e837b3d,
345,6de5884cc604dc6798577fbf91e86836,
346,6e1706430e9dda78c8d2d5dd1f36d545,
347,6e4a902d1054e4e17aa6eab87fac1c75,2083.553057600098
348,6e985a12b7b98f0a15b7bf90cc882f61,
349,6ebf4eceee4dd9847201c82e77ef8123,242.96286907773452
350,6eeed17989b0ae47c9f11ece6f38ea90,2119.3943565604613
351,6f835fd4be26989b1b064399da346143,715.0513827536552
352,6f83d9e4da896daae20b9b6b2d3ff8d2,2857.210096091817
353,6fcc97197c64771f3c18aea3aa9d3913,
354,7020bbe82544a814b5665a2887119267,
355,708cc2c4ffdd3307d5cdee0d7387307b,
356,70bf57d811208f8923b41bbd499a67a4,2921.6594674770563
357,70c27847eca8195c983ed7e798c56743,29264.885207126477
358,710b15ab273348b3db04d636937061c3,
359,713a71465d58d5315a36788861dfec4a,
360,71729348559edea55a3e7a2bc2a2986d,
361,7210cd29727d674c00741e5e387b3ccd,1856.1069379745973
362,7238a95bb63ef7e498389fb863b834a1,8382.128781324647
363,723cd880edaacdb998898b67c8f9da30,6728.293392420437
364,72bb43f9683adea77d240b7985e2dfa2,
365,72c38a04bd6a1c3dbc5298425a0db86d,1742.5815170742749
366,73df8d9e8f8c54d0d42feb9bf58c718c,
367,741eb1606348f827baeb4c099fcf1bdd,
368,7461606ae81596a71b8a98fd0f2460b2,
369,74636e24f01da9268b0ed88dacd8513e,2975.766624274897
370,751e274377499a8503fd6243ad9c56f6,438.1436677818166
371,758fbe94c656fc484d204e7d60808484,
372,75e645bd511287258a5afc20acd4e338,
373,75fe775fe1a7ad296e77ea7e66b35ac3,
374,7614a7c196be837b0eba0a3811e51b29,
375,761681a821d8275bc79f552116d06869,1368.4249173760095
376,762fafdaa57a532ee0119731697579dd,740.5880237654808
377,767f9c7cc8d4c288b891893b61f3a2ca,
378,76bf0e3e7d311d9069d4512cc1a232d7,
379,76e8c36299440e255379b5fa7f03f272,
380,76ea5315acb3f5f7ade3cd261faf922a,4069.8861802771485
381,770145ac7913d8d3ace8aa83a1304938,
382,77a515caa36327151d1cc6c32a9f00e1,7269.285864330263
383,77d0bfeb12a6711682cc61a508f87313,
384,77d81755dbf8e62faa0fb683e1a802c6,
385,77e81c45f03c23a7b43dbb0bdd905dff,
386,7816cd9c5b1238e320545f5bf7eb80e8,1644.418142217076
387,784fca1939f4ad6c73be249a80b17d18,
388,7877194d40c496d36a88ae5957c5e7d1,
389,788e857f317e53de488d393e65a80f45,4192.898338107856
390,791a644d62fbd7a1fdabda6fc610bf33,
391,7aa286758114fcd93df587a1e23301ed,
392,7adbd3210a7b3cc2235e225eef33574d,621.1897830564383
393,7ade73f1b9b4e965f9009a4c3a7e2c15,6623.596343203334
394,7b98de631987e26dd6d803490c43a13c,2475.357250467018
395,7bfe1c6d7a61cccc48bbbebe206390a9,
396,7c51de0ab286204ce75ff42bf7c10d92,2636.6023753784843
397,7c7d0dee362960b1d9b01fe7284e19ba,
398,7c8a7bb451a5a4e8813352670a8b9a22,
399,7c9130f5f3729edd32aa059141d92484,459.884626279645
400,7cae39bbb9e55772693688c5afd957e6,
401,7d13fca15225358621be4086e1eb0964,328942.79850740277
402,7d2af2d0dc5a86742cda2e5da38c1ac7,
403,7d2d952e020034f05b4b7a7222563d89,
404,7d7866a99a8656a42c7ff6352a433410,685.827266494043
405,7d7d2b7a51328016102d4528c411d630,3186.9030597897718
406,7d81e74a4755b552267cd5e081563028,128.4298255581041
407,7d91f9d655df761fd0cf119733a61e74,
408,7dd3be74c6cd6800d809935ff47bd3bf,
409,7df961ce758538004de6db0f5b9d7b6f,
410,7e165d0fd266781dbf944faf150e265b,
411,7e1f0755f1c75e301dfa37c21fd01efe,
412,7e417525a6ce49b708fd384e580fe3c4,
413,7ee00840eff17f731c41f35b12184c96,
414,7f49fc7a8336278ab1287ed28d565258,
415,7f5e4d5efad7e44b91115dd1decb65f3,259.63831822151656
416,7fc87cc3e89b3d1d5cabdca32f8485aa,8036.6111879860855
417,7ff588a03c2aeae4fbd23f9ae64b760d,3995.215129906706
418,80b2f7568a7016771f58c5b981da3ae3,
419,8116eb23b96c15ec02dd90632371494c,
420,818d9691c76fabaf6b491f6a9baefad9,
421,81cce42d33ddf3d4f89f1d476b5e35e7,
422,837db36e3b34fffca8725343601a74a7,
423,83c465a786b06574376909b35ef6752a,1023.9737466326045
424,841fba8f46ab4edd1bb086f53735000e,
425,843c73eda46e28b278031033b616bc8e,
426,845e8036c3f7bf62099352f5ed910240,5634.375587295098
427,8476243f92442881ddd5b578975cf115,21313.309232683965
428,85044848b1b767db2a4a58526adef4b4,837.2414621145483
429,850913d59ce317156b00f3705f1c3edb,8473.486452345425
430,85182120f8a3331fcddb54f27a77dda2,
431,85222e25007ce95bf79c00f643d1e436,
432,85be0b7181c48c393007b0002fdec79c,
433,85ecf03781da592876b7844acc1b729f,924.7088182780846
434,86ff3eaef0267069cc891a2ed9d10a17,1635.775502469383
435,871708b5b0c28260241a7ddbcec894c3,
436,87193a47e93a5c1912254392431f524d,
437,876300c1c122f7fafd3ba74a478221f4,
438,87d3c3aeb3ead335511b3ce315eb341e,3093.1383908141534
439,87d73636a3acf123e842bb890a4db036,972.2816998138667
440,880ce4951cf857ab1d9e0b75c1d856f4,537.2054786018698
441,88cd3681e0a2ba85e190f7d817629c4c,710.5689896966373
442,88cf19ec1fc2c58f161aee259d57142c,5013.7403018602
443,88ef59b51bdaa941d10a853429f2b6ce,905.521436054066
444,89757206b887aed36f3e18d858460fea,499.22460064278874
445,89a51f50b8095ea78d5768f34c13a76f,2354.4035074395274
446,89c4c1dfaab405a37514bda5243b0206,
447,89d394e1e062b0c231c559196aa7e18c,
448,8a432f4e5b471f8da497d7dc517666e2,24675.072883229397
449,8a8835a43bda99fd37310ad76c457510,556.4690496745515
450,8b181ee5518df84f18f4e1a43fe07923,170.74395877480526
451,8b286dd43c391bc2d763668067eca963,
452,8b3317388df29d5fa94360a486ad3356,
453,8ba4b332e611171e234324cf3f9f28e3,
454,8bee95b757e33c86511de3f9311100b9,
455,8c45b4bc4b5c1e2a4e789b4466a39b77,
456,8c4e430c5e662c328d3c84d334871709,
457,8c6d188ef073e289887bc52bc37f3e61,
458,8c818d927ba4145304edccf74293f8b6,
459,8c9348f33ae3dada25c99c99ade2af78,1134.8220301777797
460,8caafb23d9d6b7e75485fcc2bdc260e0,
461,8cd5c90bb5fe7f2d779c81bfd6d9ffcf,
462,8dc50970bc5ef0bf96e6dc401caf0c1c,
463,8de8fe3af4449ed695d2434c933ed73e,7244.289399542078
464,8e3338430e8b66d28aa88fa892a00063,
465,8ec9a02e1c573e5ebf9133968d9b0042,
466,8ed21f7ffec3a30e915d8e85eb3c4f72,
467,8f014a85666ef7e6a98b99a7e136bacc,
468,8f28d70a98ca556691300d08ebdddc88,
469,8fb67a334bacec338885b4e9e1708073,306.89675171086975
470,8fbd63429be6d3e5e6d1a709b6464802,2501.4736960671867
471,8ff95b78fd27130aef0a3b68b7124c51,
472,90269579385b838ce9bd577dcec278a4,
473,902c99f1ac505c0d18778b61bcd636f7,926.7819270153251
474,90c523952c5622d268addb6d93a7212f,
475,9140ef75cc8211c4035935e80e567204,241.24802918266857
476,9169e322ad3419286d1e5ee8f1c3b3f0,
477,922f6795c9e65f2485d4e63af76586ff,
478,9261d76c62caaf0b24677c2ceb7f8f20,3398.0911109500125
479,92887d76687f9477f1c7f759bc4a225b,
480,929f342384a6607afe143d789ade1316,827.9738917705008
481,92d46311e4fa7583d14c351fdc881af6,
482,92d7568ad0c5c76fd7d341b2d46f24d6,
483,93a55b2252867fd7df54c78cbd5c6d95,
484,94165aea8a35c3c21499cbcae239b16c,570.6448812494399
485,946a07c34ff7e9eafa2d0ad6c45340ec,
486,9485222b0bad29d3b0e860fa5ec1fdd4,
487,94d76e96eedd976258cd3278ce56d5f2,1248.4358552726221
488,94eead2f1cdacbf7ba5c5a0bdbe4cf1f,
489,95081451c156a9d11136ecfc5422a20f,
490,964cb238d75d1e6c6e1f88adcdf14f42,
491,964ff64dc05b13811c6d0f41e0aa5f6b,619.4732222399226
492,968268a686aa05d1f529fb07dff08130,13099.735488233599
493,96c1c7f1f24470915da80563cd1202ea,
494,97e50a621f8e801f4baf69e08687c192,269.1828649109574
495,9803a40e82e45418ab7fb84091af5231,8426.138491334801
496,980640c45d7a4635885491d077167e4d,4077.857137015876
497,98151b0a22aa6e9ac06a7bb854fa6959,
498,985c92cc412091f8529c12d7f23d3fef,4935.508396580479
499,98932494b926a74eda339b76ce0b4bc0,
500,98d634015211a1cd9b861e59b6d1b79b,
501,9966324e28b7fa38165d2d3d12d53b7f,
502,99a6380f4dd5ed504cd8003d94d0be25,
503,99cd94252748d2bdde08e17858233602,576.6118505404238
504,99d4602ff2c719a03c6d8df853ebedf8,
505,9aa388272ee334b6ae07bc73706e254a,2066.970266330956
506,9ac4f14370b1e24ddc58be041b7f99df,1187.4600359931871
507,9b1585752613ec342d03bbab9997ec48,13895.777595581727
508,9b1f656ca3060f8af17a50d8a024b533,285.4727585070027
509,9ba337a47628f9761b6bb3939a3f97a9,
510,9c1c0c36cd23c20897e473901a8fb149,1797.731988976117
511,9c7fd21e0aa159b20da593371f08ff7c,2246.3601387686294
512,9cec48faacf156410e6c576bcefdade5,
513,9cf787a239c1aa29dbd76f153dc13f9a,991.2562754120597
514,9d213f303afae4983637247556438ede,257.306319429024
515,9d590e1df0faffd9ceaa1f0f0ea9af2f,
516,9d681c7e12db302cb261e721040dde65,3100.4402384815858
517,9da15f4a4ea758d9eeb49000dbe57e22,674.6396268349191
518,9e3f08af3b6caa76962b05087eed5425,
519,9e545d0501bd685bba148d9f631093f1,
520,9e54d45e5f30ed4f296bd25d4edada20,
521,9e6967d3cf386d284251784b18ccb485,1631.959338912059
522,9e7c5f4d7770eab65738cca38f9efccf,674.9403264575694
523,9e96cf88816c531ac19a680a2fdb78a7,
524,9ebf0ac03992f6240c8339820ed03581,
525,9f15313cc96cd611d45e63eab4170bf1,
526,9f716fbca2fbec913c646e6c60f25b60,
527,9fbe791853dbd2e3894d85162a8ff934,
528,9ffca1681e7428db3d75eb4b69ee9599,
529,a0b6a15b3b776d289bb0eca2d9115eaa,
530,a0ed0c00bfd64109d4ea03c97cc12486,
531,a11a0e0ca67423425691db355cff69b0,1504.3313581581456
532,a1617fea9bff799a4d5b3db7a7baa713,
533,a213f1bd6458f4a158f3746cb2514559,174.2145720591324
534,a267686cbbbfe674d0834d3ad95df5bb,
535,a28120fc27b206d3bc355b57040baf7a,
536,a2d528e2abdf88afe0d245519b3b3d65,
537,a2fbfee48b1a9b455b126c70e421ec91,
538,a31ed365258882cc2a1e25d6710704ea,
539,a333655afd62d4ef51f55ac7c58abb34,
540,a359ed4a476430e29909d1415ecacb1d,
541,a414555ce331b8c8aea4a9cb8395194d,4018.857185083512
542,a46cc8988e2dc21616cc0b2cec80be4b,
543,a4fc6eadaff1576af888509a53420f6a,370.38402685154824
544,a50397ac35dc51ce40c4c3117828e4ec,
545,a53f60f05f822b5c621a50ff6a5cb362,1089.6700948902655
546,a56e351445e5863fc8960640ba9190c7,1752.9560859436951
547,a63bfbaa882c8f4542891b4e2246cc7f,23008.283221512713
548,a64e44665225d19dfc0277eeeaaccc57,1371.1310436753545
549,a663d9c3797e90eac99ff60939416a56,777.1788761290396
550,a66aed6f85eb3f719792329338875b72,
551,a69aa24cec11168e7e39a3fbc727e925,439.4184478929216
552,a6a52627793bc24c517d364354c20f6f,
553,a7a9b880c49781da66651ccf4ba9ac38,870.0573525943689
554,a7d0f8dd44f57ef6de7f7f02e3d82630,311.0012323526886
555,a84e05448dd8286412b96fddf603db26,
556,a86bf7a9ba609d0527f10ea8f0a5446c,
557,a8739afb32aaa45e01815ca76f76f54b,1386.128271459935
558,a8fee0ab6206634206f782c32e41a2a4,
559,a99634624f85b4f63f87bc334b846962,
560,a9f81449e8f8a47f6c67e5a43b40ed04,
561,aa2640d851ec322526f1295bbeb20092,250.46277736097935
562,aa3d06427142ec11df8f7df0e159b71a,
563,aae5e7b457a3c72ee230a47d98fceda5,1418.2746522444857
564,ab2a1539d7cdbddcfb6b568447ed767d,
565,abbc2aa191ecd8fbb5be1701d7bb6ef4,
566,abc39d62971a3ef6d4b285f65513006f,
567,abcb0f101902cd0ca5bfddc35ddab560,
568,ade45994b717ccee333492330fbf037b,21692.420142812913
569,ae0728a2cb289dec6d1ceb0b7d6b82c5,
570,ae1e6f638fc33a9cdbc2871bf60c6635,
571,ae45df84722b1d15c5f32b23a095746c,2170.0803033790653
572,ae7ab174effdead6c241e547e4ca13f0,9197.100862819863
573,ae9cf62cf691b753d4f0d3d40731cc3c,
574,ae9d6bb89361dff26edbccc7e1c2911d,
575,af3ef48d0e13835e529c29ac573c63e5,5967.154636252913
576,b0289c0c1f9f84008e7b4dbf795c4676,
577,b031973a2fadbc89767531a45ca39e40,
578,b03a9c9814f98280b6d91cb560eeda5b,
579,b0ec35adb04cfa85d3e0ff3f79c186a3,
580,b1116e9a35b2fa91eb4a0af8e73cdc3a,
581,b12cce16926aca79e4dc5483947792cc,
582,b15dd2f0fabf60d00bb3bc95834fb45d,
583,b16d3dadc47d4eb18be3d88bad0775ce,2428.9793253279986
584,b18791c7580856ccf7c72d22acd59873,
585,b21768cfefb49b94e9bcd38037e93d1f,
586,b25ec1aff84400104d63eadc3b3052fa,
587,b28c0625f1f26655cfa0f370be1164ac,
588,b2d462f41b6b46b0569b20a8a4ebfcae,
589,b30aab8e0bdb2b3876d33df69222cc5b,
590,b3809b8d4394588a47c8470ea331e135,293.715156302169
591,b3a449163f5fe8657f2f0c83f41e7a5a,
592,b494891378bd8f4560abe576c52deacd,10196.69938946524
593,b566ab0ef88016e00422755e305103c6,4021.1369615508975
594,b586cd24c010a13916af621b0325fbba,3849.1746217234722
595,b5e7d871b063f34de611e8b448e63f2e,
596,b6392ab5fdb153fb3c6c7c0e174cdc29,
597,b64d51f0435e884e8de603b1655155ae,1590.3438056182604
598,b6584a94139a5dd427c5b2d918116197,
599,b67d6c666e8dce1d078c882825e12704,1232.4332180967804
600,b6a59a960c14aab3c683a673d03ca2ab,
601,b6cac2bb2d83cae903e336e6a993c795,
602,b7140ce94c4514bf136a2c3f98e0476c,
603,b7bff8fe73a12a5e844c7d83ee1202ff,
604,b89f350d98e85cdac1137510bd7b566e,
605,b8caedd58f7afe8fea08b95f272bc080,
606,b8cb8fd0484ee4f796b41e363dcd303d,
607,b9ec22de23f18567de0e09d776ca0309,1151.8852097924994
608,ba143b05f0110f0dc71ad71b4466ce92,22596.791925279318
609,ba56ae8ab7eb61b0c3f064f9661eb15c,
610,ba87e2cbb33c1412290b8ccc37301672,
611,ba90964cff9b9e0e6f32b23b82465f7b,125486.97907006336
612,bb219facd42c2384181e8f3330b42df9,
613,bb2afe2061d53c6968aa0cffa233a8ec,1616.1626615595876
614,bb2eca0468c9088bd9a146c8d6c72e0b,
615,bb7ad8a45c027be8ab075b8e465f8ca0,171.19450406201304
616,bb94878eed7bad1bdd88e19f6c322f8e,
617,bba8d0c234a52b87b3957037a215d1a4,392.42181698114223
618,bbb7d7893a450660432ea6652310ebb7,
619,bbe87dce25ba8b38bb61cc7210a3f10b,1044.171608582711
620,bbe9a13ea83539951c8edfc200565bad,
621,bc2579cde838eb0fa8477f7efb1298d1,
622,bc8c8d665ec4664d286be0d521722b19,94.52259376566177
623,bcafb8538edd43b166274b25c60b7458,
624,bce6a5ecf98e99fd2a8868b15c51f04b,10528.399719710444
625,bd4431c1a8dfa744b59e1e2a8bc99b9e,2736.3100006722343
626,bd57c88dfa162e7a0f5284a25935af65,
627,bd585fa4d871cd7600ec8a2b90c57a4e,
628,bdae679a9b282249bc23b9b69dae9a99,1146.416088362766
629,bea51724befa11664f1d44a92ba8f4c3,
630,bec568278124768c474ee90971ca94d1,832.1547966769499
631,bed6d1f6c4664ab8cf3abf3821727756,
632,bf00385a5f7fc1ef39a13c2e9ee50a5f,4174.857118277777
633,bf0d50a6410d487dc97d2baac0a8c0be,112.46340171192267
634,bf1f3d5402ed867f05bed505a3b2a05a,
635,bf28429c4b2c63d4a66f2a1ef89e7cfa,
636,bfcc27719640628da877db48b672b169,
637,bfee0cb1dc3d4e4a2d625daeafaa3d3e,
638,c004e5ea15737026cecaee0447e00b75,14418.350762860158
639,c013e57c075a06e5b5c48ee03c525719,7190.580405079364
640,c0199604c0ca0863cd20b95aadd24427,
641,c03fd7fd50f9f421847d970502fe5d26,
642,c092292535a57dacd95a8765f5518f87,425.7983353168005
643,c0aff2da32c17759d30b22fb0af6649d,671.3742172220886
644,c0e933c238e41f0cd459d6025ee9b364,
645,c1319b7d63c25ad7838d268fec93d0fa,
646,c1849d4d32d7a6cecd5aa471809d3135,1393.0891476320498
647,c30eb4a935f1ea375393aa691a69b19c,
648,c32fc744b9160ac853450488e3cfea93,639.4706290866236
649,c33e6d3ad32fd5bec1b0f2522f668213,
650,c38c6d00a783927b6a3df86ea650ed4f,
651,c3e1abd72a42fe690fcd89cf5720fe29,6135.538000108354
652,c510bc1718f0f2961eaa42a23330681a,40052.34858646827
653,c54679b132454625907c773d273d4126,2623.0315283266455
654,c5f7e746b7e6d07def6c0dae9903279b,4285.308391659533
655,c611f4ce9ce875bcc063fa97fd4d7d12,971.8508303066349
656,c65fb4ec11e8d18c95ef150885418aea,
657,c6d5704d1ed91beed0114bcd9d3367bb,
658,c70a353f02429c00775a46a75fb787da,1038.2517489040392
659,c70c1b0d8ca86052f45a432a38b73958,90558.938302356
660,c7471f493e0cf386881d09659a4a32a4,
661,c7bb64409aa480bb7d0335faaaf3d242,501.4711664190403
662,c84592044b180dec206770c38603814b,1999.2777770824616
663,c846aef46d0aa00378cc6c24fd7fb474,
664,c8665a4dd081a2c436b1cd921079d0d9,298.3805714002748
665,c8cc60ffd415254af5d9b9f34f32c369,2554.13503908683
666,c963a25b8671419c6ce9eebe8fd03218,197.8738236238425
667,ca4b77513ac2040591b0d8fae6958380,6222.532953138489
668,ca7c6bd577e559472af1c699de9e764e,477.0040100890566
669,caa9bc43a9fe8cf9c564ddd8a03cc4a6,2859.0161534790873
670,cac876b37d3abcd6bd76caca30277996,6564.04988038213
671,cad10cc982ab6a391570c211b995c17c,174.61576453473126
672,cad9969167c09b48ae6f1d123f7fa68d,192.8535189677379
673,cb141ec6f444a4cb7a2400aaf80b6fc3,
674,cb3666965a560e723403683bd378a5f7,
675,cb6c9f5888a7a090c75beaf615925792,3110.501094769625
676,cb9942fc1981289d7e809573bc69c7db,
677,cbf09e831b0c11f6f23ffb51004db972,5503.3515937048605
678,cc63f0dd2acba93ffed4fe9f8e0321fa,22997.12847392586
679,cd2169d9f31ff6fbb9ca3373b0c9e354,1937.8970654224122
680,cdb142290473bb9442f55741e430682e,
681,ce20a2ec1514c25e16f2b5b39bc818f0,776.6831101389491
682,ce4755084bc097113867e6454f8f5e52,100.74996683816515
683,ce4f1d45100bd92470c482527f73f72d,
684,ce616e1913288884e7742faac9d981db,1269.4039826470762
685,ce77b964b9986a57b37b928be67d9959,
686,ce9d7ae0d0fe0a747bc46cf3f089cfaa,
687,ceb123995e945aab9f7c259819f70a2e,
688,cec13d4723ba59aae2a6663b99129a49,
689,cee3c487c56d29554a22d112af618301,
690,cee4320453079d554562dee0753d7d43,
691,cf8ca2db83470a73b7cebdd86ea96fb9,
692,cfe94489ddd337d1e29e12f2a7205d10,5971.698388276789
693,d1ef48b38baca7e831711c4a0aeb398f,4943.296945203787
694,d263fa444c1504a75cbca5cc465f592a,1319.365658881991
695,d3dcf0604eabf0224fbd5948b5e02f69,8363.928354765407
696,d449188091598bf0dbd32c312570f168,
697,d4dcd3a31f5f19aea2f258a568517a4f,
698,d4ffeb15b67e81ff9af2b4252d99fb7e,4745.43931119136
699,d50f6d198921d51b24544738b29d2b0e,
700,d566c37fa119d5e66c4e9052e83ee4ea,15477.549238789154
701,d594982fd877af63ace38ea1fca27c76,1035.0610858968141
702,d598f929fc44e1e38678e7f47250ec04,330.76970540939624
703,d622a61456dcbf4cc960221e15ac48b7,
704,d63f306de130e0391d38a792541723b8,175.93793701532064
705,d65d93b215feab3f997441e1e0a98ca5,
706,d65f74c704563bcb8baa915fbf8cfa1e,
707,d66c11a9572221d92fbb8c4897db5f9b,3549.614309249145
708,d687681225767af6d214d1b3ae13f66a,
709,d7827b2af99326a03b0ed9c7a24db0d3,4626.300028674044
710,d7cb3f744255259a4ded02cb354f5bcf,
711,d82168bc00226dc72728bc957d2539bc,
712,d84ecc09e7c9517825a219be37aca08b,
713,d8887be1427e48581e65fed5faf03bce,
714,d8bf0fc082fd4a77fc2e5679b6c00133,448.35715177221505
715,d8d9567d0bfb0bc7eb845a205ba42657,370.14834166835305
716,d984b175957d0e67bc5bf232285ac792,
717,d9a84e1403de8da0c3aa531d6d108ba6,5359.957716959656
718,d9d057968270cdb30c14cba606d5dc90,
719,da3b4c4b11a5be0f29634d1e6bb7dce0,
720,da3eab58892c04039f4cd5ecb09ae260,
721,da43bc6766501a2ad1aba35b09b7c9ac,
722,da4d149c0ddbac90557103ac0a0ec356,2049.2634405211556
723,da6a60cc8cc724fe51be021ff8be779c,2919.5820259037896
724,da7039f29f90ce5b4846ffc0fcc93beb,4023.7352225984755
725,dace965ca58120f92f8d742a9fa1864b,4272.302456218485
726,daf565f087a52def0fd5c5825b3661bc,3327.79961722621
727,db2956745b3a8e9f3785c99f34b5d25e,27552.36723455406
728,dbc7e4c98a58fa8731412f4da2f43cb4,
729,dbdd0ec73a4817971d962698f2fea022,22292.718914685644
730,dc00a47754c9e2eda1f84b0bff6ee95e,
731,dc50afafdfa325eadc890c7fa42a8f4e,1509.8221289906814
732,dc64d75cc406bb0697be983831430e60,2840.0791478091382
733,dc7192adf8ba09569261f4a8d576afe0,3016.393785349561
734,dd22fbe4df5d84be25176054640b696d,
735,dd27d8e77c7920dc26f5da40bf65ce73,
736,dd3c4f2160ceb84483c6ef84ddc541e0,
737,dd5450b022b2d00a2145a66331e1aef6,227.6587301242377
738,dda37071807e404c5bb2a1590c66326f,648.6325746379954
739,de83e0600df76319c24c3670ebcb2d5f,
740,dedcab67899479e4ea5dcc4eba47f587,340.0073378728903
741,def312fb44a52de894acf688498ce1fc,
742,df1183c2b82ee7ce304ed60ced00949c,
743,df6a52d41f39ce14aa6df3af06e98e71,
744,df91910b6a03bb2e3358fa6a35e32f6f,8207.170337149199
745,dfa0c4c6229ab200a4a1336b4d7128ff,18064.28759045909
746,e00c0a3af0718a2ecf6618c84cd1b1ff,
747,e0a3c37054ade6478d923a6efc10f308,835.3640640607559
748,e0cfd7ece071eb006b1670ea64d0904e,
749,e10575e8e45d5d8cedfc60d838ac286b,
750,e116c7455dd26a4d8c3e92532583905f,69.0913720187186
751,e157c96a8e7711636119c6af8e7cf85f,
752,e1643dff33666ca629e3644c02738179,577.2219409660158
753,e19d488f67425e5a884abb42dfa0c458,
754,e1c76f339ebd5460999f25a2aa8c92c5,2556.1277178430537
755,e1dc0754bada9ee4cfe9713f22f61292,3274.1077590153636
756,e250d617a0ad591ba9bd663e584a895d,1279.8935083277424
757,e433f5fd4050e3352b5d83522b7fe24b,1856.4670833884984
758,e504a4e2efaa45cbff7e268a2c58c956,3983.2370416327626
759,e52a436a49da33527c29e1b5fbd09317,
760,e52d2f15bba4aff8a1e2bd12b40fdfbc,
761,e58a5b390e28abc0b216cfb0e07d27d7,3119.028826661616
762,e58a75d874cd483e80fb3ba9aa35db51,
763,e5cbe890e679490127e9a390b46bbd20,2916.0633060898917
764,e5d7bbbca541b3b39e1649f94074b963,
765,e6341a38a2e15b8834ac0410015547e4,
766,e6bb1e7ea5580c5b9f0970407b3f8c7b,
767,e6cf587c2552879f7471e7e8c993ea1c,
768,e7012030d0fdd1d3ca504f6de7909c35,
769,e77e2e91d8ba596f5bce16b906255fe0,
770,e819bcfade7b5d88a27325eb6cfd62c5,425.64156666280036
771,e8dba4d70f7f2b20e775d09cae01142d,3317.4757502203197
772,e9179018f5d095c744e8a333264f99d1,
773,e94b64dc6979b302a5a5be1662c83bb6,1067.9938945303636
774,e979bb42fb660609fe056a6bea03761f,
775,e9c2dc0dd4ac38448289be644ac94f42,600.1113293037675
776,e9e446d01bd10a97a8ffcfc4a3a20cb2,279.5024953885627
777,ea4e9ce63a2134743b4a92777437fcdd,839.6536755716157
778,eada4a0629faf243de4159916c10cd1a,
779,eaeec4fdcdc91ead735718ae9bebcd8e,
780,eb72802c83dc7547529c9546d1a9b8ef,3705.01920986406
781,eb9267cccc90f1b49c8d2f9887c7dd97,1066.9923786355778
782,eba08391609dfda5c016fdd264f9383b,
783,ec5b3cd9d6bf0a880edfda73562a7cea,
784,ec8463980a4e0ea9f8517aea1ed0c419,270.8494286918754
785,ed8cb7b190ceb6067227478e48cf8dde,2537.655201255926
786,ee2fbacc2fc3794e656cc4d933d59ce7,1118.8975237000093
787,eeb3e4d4f423780ab2acfe23ea0d5e49,
788,efa89b428cbc422ba9313b4fc6feafc7,
789,f002671b6ff4042e52a52aaccba44c0e,
790,f0418a194da21de7cd01336b10be11a7,
791,f049a72cf58fd31b11f8919cade515e7,419.54265837616134
792,f0533bc9cc3111a0b2f8198157a34571,
793,f085a186e0ab15cb03a8bf46e07a8397,
794,f093be9f8ecb3904adb95cbe76434e1c,
795,f0ec78809fe0bc3edb11c9fe5b97b059,252.18131225156074
796,f12d3c2a14729ae461b920c11fe20fdc,1024.8311999869698
797,f1340f6d3347d9fae747fc3d236a2e41,
798,f177c11663deb4c3c07af399b26f5110,
799,f1b854361f4e15d5851b494df66f22b2,3359.179799595758
800,f1fd6779d8d9afe83f4135a22903f22b,
801,f1fdf2d13186575751aa25876536d85c,101.61519866180353
802,f212a20c700f5a7c3d4de5ef38e02c42,
803,f22a247b79dd22ecd91dc8e3b2a1b07c,1765.566044481283
804,f233b575e585413f12fe2f847d922447,
805,f2c87addc7e39e1c73457c4ec85ed728,
806,f3c38ab652836d21de61fb8314b69182,5426.3532688123405
807,f3c747c1913de1af068d8feb79900063,
808,f4009c6b30765309a251c26bc458e0e5,
809,f46490624488d3ff7ce78613913a7711,22207.771767004837
810,f49987b20beada69981c57899ffd1095,
811,f4d969837a2957bb052a71af7d39fc91,
812,f50d9d5fa45cba8c1a6b643987810c34,
813,f66425655311542de5db64f27d0d5651,
814,f7a0d94e966c5665355a182d5b199fcf,
815,f85612e1b253b37d88329fdc16e8f32f,
816,f887581ec486ee8eec9ed933310848e0,
817,f88adb15807168d3c43d71021090ce4a,1592.894005464526
818,f89e46b812b06f22508f89873565ce6c,
819,f9ec7093df3a7b346b7bcf7864069ca3,2039.3254889871964
820,f9eda05b67bef472deaddbba84aca289,679.4006139119847
821,fa7cc273072520346449b9e89329768a,
822,fac1a9017ade7bdc94058fc1c969f355,6238.557410478506
823,facd538cb53fa082bffaeee65521020a,
824,fadb07c842a2aef5d5a676b85f220e71,1728.9532779060455
825,faf3ee2764599d114d7e8f25d4c19845,
826,fb66238168277301f44d960416bf5c1f,
827,fb6e76ca64c0cc2c2dee53219e685f4b,
828,fc7adf89a5d4fb88c007094fdae351c4,
829,fc813dd7e04b8a1c9c10e8e9c10cd5f9,
830,fcc29f9f37cfd89db0038d8de7f97f08,
831,fcdd820084f17e9982427971e4e9d47f,9339.903638597629
832,fd435faa3c0422b60440ea3480d0e77c,3254.569913412563
833,fd5564b7d093f9d64d1a5f223dfe43bc,
834,fdde1d384dea864917f6b8f2d330986e,
835,fe1f84058e11c26fe9582167f47c343c,
836,fe3d2c21fe1b15298d60a0792621ddf8,
837,fe53fc6949a462475c07fcb57ead57ce,
838,fe87f472055fbcf1d7e691c00b1560dc,3267.020095713205
839,ffa6adafb71b807dc13159e26431354c,8989.820367203432
840,ffad1e7127fb622cb64a900751590acd,1984.0683743693035
841,ffc470761de7d0232558ba5e786e57b7,5234.234358692294
